2.0,-3.3167508122147784,1.4434626343180126,0.16573904461442196,-0.2156311875591022,0.6930428405893434,0.22388012825936157,-0.5964265458075457,-0.0651390947051259,-0.6414427057667833,1.0209558528966236,-0.4515633954784424,0.5408104138990983
2.0,-2.209464916918849,-0.33339288708029774,2.026457373807542,-0.29135831818067065,-0.2576546345111395,0.9271202441338187,-0.05377561283487354,-1.0244159502406034,0.3088467525698361,0.15970137197881218,-0.14265730595966225,0.3882377413425206
2.0,-2.516740146610386,1.0311512962743221,-0.9828186702120583,0.724902309444738,-0.2510331181840471,-0.5492760466688946,-0.4242054509915766,0.34421613110295596,1.1778344712856463,0.11336085674454123,-0.28667284748259164,0.0005835731825406594
2.0,-3.757065609773208,2.7563719137107143,0.176191842199496,0.5679833077759056,-0.31184159119240923,-0.11443100019074127,0.383337297048324,-0.6435934984154085,-0.052544421496222106,0.23941260495049194,0.7595843120933158,-0.2420195634836556
2.0,-1.0089084937957187,0.8698308214172071,-2.0266882192354054,-0.4097657883574782,0.29845750303764224,0.4065196005162627,-0.44407446290588126,-0.4167004701248265,-0.32681916477844863,-0.07836648197567185,-0.5259450832249096,-0.2166641578004599
2.0,-3.050253922418082,2.1224011146341932,0.629395827043916,-0.5156374945358383,-0.6320187337580521,-0.12343055743291378,-0.4016537581406335,-0.3948934210139639,0.1521460762844071,-0.10199581622244823,0.4055853159640923,-0.37943268389458173
2.0,-2.4490896695962308,1.1748501316494768,0.9770948907142009,-0.065830504590173,-1.027761909025998,0.6201207425567645,-0.05289072846998277,0.37193386183309973,0.45701585484598134,1.0165634589013117,-0.4424334109978672,0.1412298440692131
2.0,-2.0594368714379145,1.6089630683635103,-0.14628188306155632,-1.1926080102922136,0.07690349380999285,1.4398062169701158,-0.03237559232592683,-0.23297895374121083,-0.12337031634070676,0.7356000471602879,0.29355485867272074,0.37966302607041946
2.0,-2.5108742973989897,0.9180709573337786,1.7709690272289478,0.05627036123002667,-0.8922569767206778,0.12918104790134266,-0.12528507133680997,0.49957790425427645,-0.6065891979197788,0.1741066131641894,-0.5089328934544151,-0.6352493357375094
2.0,-2.7536281876339106,0.7894376738336081,0.9842474895182409,0.3493815683116364,-0.46855307554089376,-0.16339165034085076,0.8743522449142775,-0.15057950285159796,-0.2304891521939328,0.1794201028939564,0.012478170994032341,0.5503268232211351
2.0,-3.4797366827312124,1.3023332371235974,0.42273521658085,0.026841759973589986,-0.33837477822719386,0.18290163145863597,-0.24816238376084856,1.2066109659500086,0.5245739738191018,-0.2145375853076787,0.7325146130291911,-0.08131226662208793
2.0,-1.7547529012945902,0.6119772287456334,1.1908783196301787,-0.8901643378997484,-0.7385726590676466,0.5530552504223057,0.43426624055529833,0.9851265370740306,0.4740304800393536,0.22028278040791557,0.04143615276007691,-0.16256090692087166
2.0,-2.113462340315097,0.6757063391426203,0.8650864256166588,-0.3564380100096816,-1.2099287234323388,0.21507611768923013,0.2425971762497526,0.4615063643810458,0.8788133896322684,-0.09650536424085229,0.05404645330769402,-0.08974650924937956
2.0,-3.458156819336724,1.13062987617294,1.2042763525381963,0.16245806285916484,-2.0231268080203875,-0.7457808259314103,-1.4757734192130885,0.3803857559886054,0.025702147240880772,-0.2446526124962403,-1.231800896057487,-0.7723334909258236
2.0,-4.312783906765564,2.095975575341264,1.263912752358004,0.30577318970436523,-1.0296926129271016,-0.795642912957864,-0.9999709473177842,0.40489140770451854,0.8403425383218301,-0.3644329063562836,-0.31574612172973227,-0.14281973158321618
2.0,-2.305188200827974,1.6625517299890575,-0.21790261559595483,-1.4405900273281025,-0.46955010360289695,0.42221340272744506,0.18096750223581273,-0.08411669950166059,0.4044579152451016,-0.7996551279792807,0.10268411633562632,0.497795863734455
2.0,-2.1719552737415144,2.3273053361914218,-0.8317298659860056,-0.9126012748605056,-0.00011494041366179265,0.06652930594707157,-0.1094877817845678,0.39943479789086667,-0.06105528559071642,0.019513855919208102,0.07836643725517108,-0.500797206726192
2.0,-1.8989711765627637,1.6313688786428393,-0.7949137923810674,-1.0823803881738945,-0.4387052138441095,-0.36493081269720895,-0.09164656925346105,-0.11284025728618055,-0.38203327494218725,-0.40132093424280263,0.30908191215919734,-0.2638253575465048
2.0,-3.5419850819434697,2.518343669306647,0.48545850766629617,-0.9103228070334807,-1.1530793383251832,-0.303877020802791,0.033464213301006164,0.03560011849474378,0.44156600913533106,-0.7845769722980255,0.9185083078950244,0.16508808176549927
2.0,-2.084522204730314,1.0611379935838627,0.16474667849947824,0.4849974192527914,0.882511354396257,1.393017703935026,0.1024721809658688,-0.579915265255404,-0.05875280062960973,-0.15004930186538568,-0.8357265512128074,0.28787460652668967
2.0,-3.124402535167202,0.7868971056508981,0.3648870829888501,-0.02556169061543199,0.9724136022651111,0.10692176158727042,-0.264762490992921,-0.18560141550981538,-1.3184623081450741,0.36209122109423114,-0.46122011423335724,0.47345849963980974
2.0,-1.086570068332243,0.2417435513328422,-0.9369615996106414,1.0299098409855654,0.3159716952081077,1.2110148962039249,-0.29693169825383914,0.1064512808485192,0.5726992115534542,-0.09243260781862978,-0.658829794240587,0.6826893757956799
2.0,-2.535224079903717,-0.09184062072087786,0.31193265934797354,-0.048391235534077294,-0.42958155807989407,1.0149431073524502,0.12776964657716047,0.07661405081998751,-0.10826273738591868,0.8255181343183596,-0.08908247529709966,0.48210198587787173
2.0,-1.6449883412544721,-0.5162789300672328,-0.14388509467079155,-0.41372002444081624,-0.3757199647596081,0.7845055212674548,0.6684021835766645,-0.19526544123817952,0.6924023566956726,0.4716824465470584,-0.032505813901712345,0.48384661035634097
2.0,-1.7615758722693033,-0.31714893268437877,-0.8902856474056858,-0.11511561127371295,-0.5566684221133137,0.8987488704298443,0.6235508626493322,0.34227384292454616,-0.09498393599297832,0.6664303088983506,-0.379509035625671,0.3140759033317044
2.0,-0.99007910160886,0.9406673381906372,-3.8209080081948374,-1.3215611983994242,0.15900470864281488,0.2651282416488151,-0.4819073314125308,-0.09489148455069962,-0.11039337679642701,0.46595871285247303,-0.4395112383245362,-0.1095176864449236
2.0,-1.7752776281133709,0.6861751342850256,0.0867004064887674,-0.23290678013649288,-1.1429426877872173,0.571474489218187,0.4580282724544168,-0.9087210467184166,0.7422630166681803,0.4425439567484653,-0.033099217308227194,-0.20883509595400698
2.0,-1.2354239643099074,-0.08980704136063769,1.3868965448964408,-0.4956827203205367,-0.3759413985286998,0.6080881813227493,0.3630103126070733,0.23648821779707946,0.7347937905979005,0.2994318499314175,0.8658597495565992,-0.3772173871591054
2.0,-2.1884063344519644,0.6895696206616266,-1.394566880850357,-0.7774918110895584,-0.8105840689014997,0.6020724422910158,-0.11793274725067501,0.07479568155125425,-0.45974363432403087,-0.02810661977232363,-0.5368471983302324,0.04957847669314988
2.0,-2.2561089812837087,0.1914619368866672,1.0926572575082982,0.2861522992534112,-0.4830732567407459,0.3352335403470974,0.15835032063133797,0.4700642996286685,-0.13750201364859543,0.8023592256307512,-0.12191651581787531,0.135731205477316
2.0,-2.5002200257894285,1.2408338348969452,-1.3860178547156765,-0.3668652201910855,-0.6223328641186541,-0.5824551819839323,0.41599774819891033,1.0594353590553054,0.5383954112640666,-0.3207367314932144,0.3765375740783353,-0.6093716333199967
2.0,-2.6774110474440165,1.471873646103251,0.33226172837509677,-0.3493538754148713,-0.08659432884921996,-0.16482979824911434,0.5342419303195057,0.531806040133874,0.7875179858886039,-0.21898191756100222,1.0748021436639972,0.0027863148715339134
2.0,-1.6285791164309213,0.052704450575326044,0.1671287062453377,-0.7493142456722096,-0.6360627488393563,0.04431850165742925,-0.9803295940593765,0.49907072614046694,-0.13152907019749466,0.16556989075346973,-0.220511044133895,-0.20409544152606546
2.0,-1.9026908622381498,1.6330604347699862,-1.1720821191753434,-2.3404290386721973,-0.18681405194320302,0.32798776400046453,-0.9839332662800875,-0.5126440333944573,-0.7117217196656515,0.0996087118457594,0.6248615561712687,0.1087250096499498
2.0,-1.4103885265954081,0.6979343246113595,-0.47974302516865913,-1.060086216217786,0.09916074438963653,0.7102499520999607,0.22973893244592833,0.22747487143747375,0.3967331638744918,0.19995743737368907,-0.1755166526710474,-0.21967433725332045
2.0,-1.9038262321944892,0.1767109510954581,-0.4508350400372054,0.2841135523353436,-0.1629494452606439,0.17464172503369302,0.6578273393646441,0.354728960365076,-0.20816166237840872,0.3369444104104814,0.19850979454903764,0.23294647787069758
2.0,-1.384862230374841,0.6586398536611514,-0.45843858085205885,-1.2846581514469098,-0.20501159047378284,0.62049162993143,0.07037800436338852,-0.9607472622265866,0.30528476558435086,-0.20335253550174237,-1.099920580073238,-0.14722367242287507
2.0,-1.1222074104413124,0.11410976029689021,0.039107276689752696,-0.9564012232757269,-0.342211235067644,0.40912630908713205,0.40860351058969624,0.02934105559754684,0.8538641639279998,-0.3134728727863858,0.0038073244226646025,-0.4022311452781442
2.0,-1.5021945006181938,-0.7694320064310065,1.4261773458904665,-0.757508092537268,-0.16584413489732927,0.41545226099163707,0.026898952134432868,0.02635525075689923,0.27811756545793126,-0.28329255604381076,0.28385777947495994,-0.17935394282876296
2.0,-2.529801092371812,1.8030019760618312,0.3431523889796959,1.1869742956154374,1.2978957091037941,1.542270768068942,-0.9656882861512962,-0.7689335896838259,-0.7213305416529173,0.02268172552955922,-1.1935216179538004,0.1688889462951818
2.0,-2.588095425854405,0.7796163041925099,0.1184774661137402,0.4759714397566781,0.40332201594572314,-0.7251830257912869,-0.5491319392684889,-0.7060282787222704,-0.8175035633637652,0.3241466362456742,-0.28236366647595096,0.1966347128518807
2.0,-0.6684819937541883,0.1699609406198765,0.7833625480611504,1.3130837770039736,-0.37176341790973955,1.3246916413618646,-0.027191687634063863,0.32603765864363204,0.28508550425421175,-0.07222044292974915,0.8274758064237869,-0.07340281264649445
2.0,-3.07080699041201,1.1559189566098858,0.31275808393415894,0.5502846354673263,-0.30412565257296525,0.8079174183981749,1.0114175755133719,-0.9298221727755863,0.21824229708607806,0.23008952952801823,-0.4425238593866958,-0.18638487524101166
2.0,-0.46220913751600917,0.3307421321922767,0.201476496256777,1.436493863275585,0.28322487726558054,1.0286034468535794,-0.5713942813522307,-0.5657703919942018,-0.29329936731820455,-0.07819222271933034,-0.07072161206035238,-0.04958654998902308
2.0,-2.1013519305380184,-0.0710089209540644,0.6558494150434392,0.757744838702208,0.4715377263535353,-0.3718079768589187,-0.02054812396787693,-0.624333998266941,-0.29900305546927186,0.4292115309426712,0.47110088176726045,0.056189622593450055
2.0,-1.1361661775610183,1.777107392977639,-0.02870573578474762,0.691831211774577,-0.06092420575197232,1.9138679124844746,-0.17269714903733163,-0.2567137930457607,-0.5534159913574404,0.1873524144404208,0.5944821548999778,0.04674573883182926
2.0,-2.726600963640805,1.1913346919571854,0.539773261147678,1.3895506741306847,-0.49689458832756317,1.0109985810982247,-0.7394299324106373,0.24325406014378623,-0.4466000413054209,-0.11106768782040419,0.04863426652515918,-0.20322790906489754
2.0,-2.8213392741922503,0.6462585991417056,1.1555524107274124,0.9876629123241936,-0.00997701769069596,-0.29076542470240946,0.47391402102997016,-0.14221260590401907,-0.40660262939992625,0.25379001712463867,0.12298897214283307,-0.08522460741064941
2.0,-2.0098508509123603,1.2470294606787622,0.05729398793992606,0.2306431070403151,-0.38465107049477876,-0.5259542352597604,-0.2285186058652309,0.8011282834748932,-0.11528263047568388,-0.027716081093191545,-0.1033262729002565,-0.3179460315581055
2.0,-2.7074913042663953,1.7519674072063385,0.6431136120007984,-0.10023152006304265,-0.49471303194324495,-0.7322784165760894,-0.007619904817054805,0.2512713550372267,-0.1775643505041629,-0.3053837447726297,0.5470980243637314,0.7411569371308969
2.0,-3.214917474773826,0.16699199499679312,1.9735716799013774,1.1206839390434613,0.012278197312881062,-1.2308189297066734,-0.26081117736263376,0.4680466732121702,1.2324588341065914,-0.5933180411596186,-0.3673117011577488,0.41102456835474893
2.0,-2.8589598267172955,0.7452788039895908,-0.004719502164694206,-0.21527655699453277,-0.7588084943240894,0.1921230700330365,0.3537467597030055,1.0721234395431545,0.9869597679311716,0.11415475158143513,-0.5496847837167287,0.31658193511312915
2.0,-3.5056043559232255,1.612733856035013,0.5207745300761799,0.10653642366463971,-0.6016844439291626,-0.18354436591075193,-0.15187262929295592,-1.4211024622799717,-0.4028085918861119,-0.4248476164560983,0.29207737792053523,-0.0898716639262571
2.0,-2.224791380532175,1.8751679995630275,-0.3395498503542061,-1.2069665793418702,-0.5766442488036049,0.24595468138805765,-0.4651606615353557,-0.39927680951639966,0.3152942577302395,-0.0824826935906973,0.30925746220247374,4.530261264904738e-05
2.0,-2.1469878235638675,1.0167515377576628,0.9577627619503309,-0.24031819021887718,0.8801045044036406,0.3617749964266974,0.41194787623209556,-0.2895678606453935,-0.2805365761084061,0.4547761130430555,0.17242708366538703,0.17864505377513915
2.0,-2.4693294837977904,1.3290083106496249,-0.5134374530359674,0.25534862071663667,0.9121401022097753,-0.5548694652071371,0.3584007262431994,0.5375228268596085,0.13564631140901878,0.15588662560355154,0.33283887456102706,-0.17022925124405178
2.0,-2.741517914277454,1.4365487835125168,0.6124733957169631,0.20574744102619674,0.4342638634395152,-0.11599776839229867,0.0392293524775998,-0.3513874192736432,-0.9330872731996982,0.34685238992871364,-0.042678888011318396,-0.05400109957199461
2.0,-2.17374092096531,1.2121998406977963,-0.26177959277078655,-0.5044260860796274,-0.6954218130360387,0.25698373693015103,0.21906357641855662,-0.6118448497930785,0.8389870880398894,-0.4553189589195218,0.08372102559094563,-0.12558392637960913
2.0,-3.1393801518289974,1.7315791159925147,0.2856614126164531,0.23056721248328316,0.0750408360722046,-0.35156216811138985,0.8430752920963727,-0.6262776600328488,0.4146356284813764,-0.2027089529172023,0.2598714605589987,-0.5577101126030056
1.0,0.9285819689218536,-3.0734861631889268,4.585064007148215,-1.0518443905458152,0.4571241235046242,0.3882526619586936,0.09227155897482259,-0.6778092133799145,-0.3759727890462261,-0.4153089675364511,0.3657447044633292,-0.6022950186010773
1.0,1.542480137896878,-1.3814435080942276,0.8746831124458142,-2.8901197461574037,-0.9780083247078906,-0.03501115627899523,-1.058853020046099,-1.0753757896852203,-0.2759974023153037,-0.5821572469741854,0.1484952788280585,-0.3028159323726593
1.0,1.8362497634669381,-0.8299841230557179,1.6057021863206253,-1.4521048531888474,-0.2940757973576512,-0.6841167093123407,-0.2541435440169309,-0.9824533168694005,-0.9072722196080935,-0.5719224361155596,0.15055586334389048,-0.08405665787149892
1.0,-0.030606834086681144,-1.2627861442114017,1.7844080104188609,-1.2065760705635369,-0.39360432212977425,0.6070870606421246,0.5709833767543536,0.619863785920804,-1.201958417880919,-0.3052022254628728,0.2526196631006592,-0.14083050607870284
1.0,-2.0502616075763194,-1.9250326046500998,0.007368777349822624,0.721321902736733,-0.08112664847439828,-0.7645261545325646,1.0758373366224907,-0.2985485680548902,-0.6110570595233096,-1.407459842217588,0.008258321028223478,-0.23087395548126866
1.0,0.6096808271776188,-1.9080588050851854,-0.6793579379775322,-2.1530760908358877,-0.049902551231147896,0.1913655119205553,-0.5031210658266111,-0.01581530662689971,-0.32914144770787,-1.0485851417282717,-0.8822938371342878,0.291177561840245
1.0,-0.9002278387071473,-0.7639114736096071,-0.5733613020971879,-0.6793616342868677,-0.14263304851094716,-1.017532244719703,-0.19331274228379905,-0.09316029346103079,0.5907741033000193,-0.6800264322383193,-0.8086295013075094,-0.20401969807557105
1.0,-2.248507190798397,-1.8845924845501323,2.0318401928675938,1.4076272343171654,-0.7320069560460223,-1.3033985283217453,0.3447187683203283,0.1767879411207443,-0.8076280599331898,-0.3759176322179642,-0.15495017113769124,0.17951817403863018
1.0,-0.18338402668475792,-2.4271461147035707,1.0697455602478032,0.12741797198491667,-0.5345735590539736,0.07000088225152946,1.3547653565542697,0.22630735446899375,-0.4023960820620262,0.1068026893814424,0.47975015348322775,1.0995317261251096
1.0,0.8128050273520699,-0.22051398690226764,0.7070053958009715,-2.48898957762064,-0.5835598311122185,0.31743964460481644,-0.3670917505964919,-1.2465988553473664,-0.9968518973550707,0.12802854923448154,0.2324776484067456,-1.0009047463153653
2.0,-1.9756204987985566,-1.4032832253096086,1.2382762196848667,-1.1523064888663388,4.186656742220515,-0.49299754529722106,-1.4565455876967794,1.0424772952984134,-0.3743791090289904,0.4161134257090554,0.23147199951479347,0.7228278336723549
1.0,1.5722162196262977,-0.8849831369082193,0.6289979502315973,-1.1718464071389532,0.965344569768984,-0.2694101015041514,-0.1508217987038151,0.7198068550578532,1.089337900245788,0.6713435856004699,0.2283980125209287,-0.45452637433976284
2.0,-1.6576818088332925,-0.9567121974591482,-1.9525842166061955,0.15220891160112585,-0.7871611831143344,0.3162249554618157,1.4916305629369124,1.5309495572433516,-1.1587235622059886,-0.7043890361929829,-0.7382436481321127,-0.46357565597531175
1.0,0.7253723880353541,-1.0636454007060936,-0.08033222861543318,-0.07601943117966364,-0.18016577036873296,0.5443166900135653,1.5989013122571667,1.0522996912797389,-0.8980994570176017,0.38805912392630665,0.0974932996033477,-0.1766331207360678
2.0,-2.562227173170365,0.2601985506546003,-3.374393962239758,-0.9793994323622062,1.9807986006300329,0.31203963442139965,0.44939302327850394,1.130632524721568,-1.1119276561622866,-0.13397905163684923,1.780455488031329,-0.10765867897643022
2.0,-1.8325675700495512,-1.287878197860523,-0.45828002739955453,0.17135075351692858,1.0012222334229643,-0.07785782638634074,1.3756389710624073,-0.5290113945273383,0.4516319779176564,-0.240099628149343,1.0727693615950225,-0.46476117449705867
1.0,0.8679929031954092,-2.444101185580862,1.5633331789503844,-0.8314598593846926,0.7079799805345725,-0.11236375184395264,-0.42318075171158615,-0.06489481651957463,0.2162394951697575,-0.9429266093224729,-0.1730297210655866,0.599764060620913
1.0,-0.37001440429478466,-2.153906975156987,2.449386348303745,-0.12615904447507,0.09529984226012712,-0.5569235324392462,0.6478137968766051,0.7398119091153972,-0.7812069765942853,-0.47109905898646054,-0.3841188102684427,0.22201764069105892
1.0,1.4573770449061363,-1.3833517690762571,0.22730690232730924,-0.6963568703738222,1.0673621825637967,0.8187697798548631,-0.9342607545695285,-0.8552881939863819,0.04880804175332911,0.07189293078038769,0.06180613248132608,0.3448291051694113
2.0,-1.2629308497285014,-0.7708495299701125,1.1842245173752455,-0.9258822437115579,2.6135930447135607,-1.597795718252232,-2.01375827444077,0.1724791351237828,0.15650293363974815,0.5761703582004184,-0.38468351367388115,-0.18721974440576755
1.0,-0.37615037193424533,-1.0270434033558205,-1.794466294542655,0.9785445272560227,-0.1365691883124289,0.6611531865236266,-1.1932128759790566,0.3332511884592104,-0.7996845496637695,-0.5859321828209942,0.2641914869851593,0.013340276494553507
1.0,-0.7620639041096028,-3.3750538099635334,0.3574700555394702,-0.3667329145186517,-0.15444057267646183,-0.2452419851454105,0.41991645782970044,0.241435806063425,-0.673059116035543,-0.6654507907386102,-0.12281348227964521,0.48620270431579893
1.0,-1.0345779671651896,-1.4507097382440897,0.36301177316396527,0.29659578044990326,-0.30588723736257095,0.10033806335892768,0.45929954637618536,0.6055959283044196,0.29106745951504004,-0.10007677439767204,-0.1334534424162334,0.36103765071858357
1.0,0.4948767556803234,-2.381243526767368,-1.3357431762848633,-1.0409788442473344,-1.0421266340608697,-0.11277469690004455,0.6464101961785728,0.9486296148249391,0.5303957632935418,-0.13476485136899125,0.12754872442704654,-0.04193016944720645
3.0,2.538977084295117,-0.08744335730498241,-0.4742513927691434,0.7586014542364484,-1.1278164752510613,-0.18068666809418207,-1.156298635828459,0.5022160406660037,-0.20112302697200715,0.14971549127560727,0.03633373790543013,-0.19632649992193368
1.0,-0.835320145394301,-1.4736705514008643,-0.6100935756921032,0.5829518777254075,0.8991847835917965,-0.8825278739997856,0.8330969102857761,-0.5608584014904513,1.21226817646994,0.8426168254636182,-1.2600042285583617,-0.21238418548562638
1.0,-0.7879046149897125,-2.026626522462475,0.2547234039695542,-0.8094180804315722,0.25885254234842936,0.15780596379903286,0.2700243811177641,0.14707425628408757,-0.5186122836728603,0.13473143217271358,-0.6021482485356465,0.269489245247477
1.0,0.8068321559655344,-2.23383039084391,-0.7728557971982614,-1.0137157469318239,-0.291862298737733,-0.34959387598287467,-0.2569297160111568,1.0577112083013933,0.06592413323382659,-0.4917319618587973,-0.02108499905472311,-0.08941916187380765
1.0,0.5580426248756776,-2.372985428849453,-2.3076114040120017,-1.0353203058236853,-0.47693950799760754,0.23756708969150273,0.49170074806006914,0.8664736338107918,0.4147966678287619,-0.14407059087712284,0.3174735790286554,0.7909916809299569
1.0,1.1151110419194428,-1.8022471916654517,-0.9592533076886508,-0.3312837911530066,-0.7315100618694036,-0.05794607596742,-0.08777415942999506,-0.3125175666578098,0.9046754893522067,0.3055460682733216,0.3205288925408013,0.15222329325944214
1.0,0.5557228299516976,-2.657540035392291,-0.8491268977432215,-0.003197641327005258,-1.346257001939272,-0.04061428662814702,0.7612009957506927,0.43610829190541567,0.3506648462863394,0.6797044668354516,0.6188730631645619,-0.07387129406194014
1.0,1.349285282443727,-2.118001469784817,0.04765232084869667,-0.46625056695411493,-0.8905459729866129,-0.4965897226894367,-0.7562900671139847,0.12176472851864459,0.6180368552555818,0.19175790861261996,-0.6701204675469622,-0.18017950425271897
1.0,1.5644826057199024,-1.8522145217655492,-0.7810670309346288,-0.6050793910273121,-0.5164653651812251,-0.7320173199611675,-0.13764166746639617,0.44368115652964746,0.41568257154334104,0.5932631581672959,-0.4083783744578249,0.4446122118142374
1.0,1.9325556106314605,-1.5594954568986201,0.08927467610868253,-0.5225693568575436,-1.1736975707899586,-0.9059614024568211,-0.5388714777334339,0.5480339216919452,0.13222471832459357,0.735090024196193,-0.43502833209315955,-0.45987007516684014
1.0,-0.7466659419884537,-2.3129317092207375,-0.11467976874541075,1.24853870399039,0.26293687450296654,0.5166878900737154,-0.2087820965261707,0.1957170687626089,-0.1037107021965241,-0.4061341712739206,-0.7964216706464398,0.25674616459820515
1.0,-0.9574553638036448,-2.223528434667458,-0.1424447736987205,0.3140429470385345,0.944142711678202,0.382826495469551,0.7581092851209594,-0.9024518481440605,-0.09661204749474482,-1.2743123862090133,-0.17273176829110545,0.2164145398784141
2.0,-2.543865184199557,0.1692740227997473,-0.7886969907454755,-1.0328370427003266,3.7310792052357264,-1.3516785826333864,-2.6440704991780732,0.5331101866548765,-0.1581572142249162,0.5296765638992897,0.23875614953882976,-0.4560018791730721
1.0,0.5439525887762259,-0.36892654587731183,-1.308895931856858,-1.2779985588465583,3.346790715256235,0.7094938878209537,0.35185902422650245,0.1136619721404969,0.9981256765905847,0.056811364688818575,-0.6776705797397318,-0.21572696627352683
1.0,-1.0310497503881522,-2.5655693487335216,1.0863901738177453,0.26386098478434233,-0.18984401497993258,-0.4026853197259682,-0.013453880722791477,-0.03527225275485429,-0.1807464585698481,-0.7295445528873862,-0.3941384703970661,-0.06667630102202428
2.0,-2.2519094221481284,-1.4327413803542535,0.23020824379782007,0.921171096543849,-0.23992293182091526,-1.0423477426631056,0.8716262109371432,-0.7603424906018074,-0.23651828409721634,-0.9429166317446515,0.4977216630836442,-0.5850758029602595
1.0,-1.410216015337465,-2.166191769370382,-0.7488964107708743,1.1956111880598341,-0.7098572124767176,-0.610618652833193,-2.092078731497641,0.5870375511805113,-0.12825017207165607,-1.2112036989588144,-0.6181681762750385,-0.08197672085158272
1.0,-0.7977197926930443,-2.3769488030818593,1.5681125312755329,-0.03481636022110423,0.6170913970699811,0.2876458701633477,-0.2820929670479791,0.37899213279808297,-0.11300851222182354,-0.6161582263533898,0.9706694404113555,0.6409031966789183
1.0,0.5495317266494624,-2.2931286432456246,1.4989353232010827,-0.30703867105148164,0.3260109342532271,0.15075781455307827,0.4117908475012818,0.799762134083489,0.051498711104167566,0.6684513753442093,-0.0310485048752546,0.12239065917031357
1.0,0.1611737399485422,-1.1644833215600139,-1.0037131028373523,0.661686223880675,0.3011851417366233,0.6605200468901143,0.49802134962895955,-0.9612311394343883,-0.32455663771159177,0.6027364523816857,-0.024895779666525408,0.048082715709241296
1.0,0.6597949416843566,-2.679961185989633,0.7649208684795198,0.4699547735549637,0.14447038463772166,-0.45364679709098255,0.04766873647094828,-0.4430065655018061,-0.23132238950677902,-0.10337021246803049,0.6758489875606123,-0.5677212181893497
1.0,-0.39235440818508527,-2.0987317087655346,0.4718500076097428,0.4370565747385795,-0.30381045458022765,0.24931415163404677,0.4531964516617061,0.39993608812591075,-0.17535702533195638,0.7393431942321935,0.7214556338646358,0.511981788018573
1.0,1.772499077960031,-1.717288469376141,-0.9470331744608622,0.2595125860680729,-1.0048254910501553,-0.10602075330951967,-1.0790408706579315,-0.410783102233518,-0.7667182719091725,1.42210384889758,0.012835328233180145,0.5516694433785536
1.0,0.3662673573520617,-2.169353297829281,0.4813242347422951,0.39840046167275656,-0.4690513137218365,-0.19448661963031738,0.2402759095327115,0.2864137343921644,0.33819303372400644,0.6504052924258016,-0.2780827538426969,0.6065680564367617
1.0,1.6206725727874765,-1.3555833880259556,-0.2871590006956133,-0.026024545988162544,-0.569352548263752,-0.581167769190105,0.07761587164111997,0.6894111017605534,0.05386446534759739,0.9216377331096561,-0.25979713908538116,-0.22900266565739213
1.0,-0.08253578349333127,-2.306234587748323,0.46357498937395886,0.8903510234579468,0.3405765516376344,-1.1125046241937484,-0.2103666762996008,-0.302031746910655,-0.560568006735372,0.8101105376284423,-0.06395403063355673,-0.18064507209496514
1.0,-1.5782750709323863,-1.462034290204813,-1.779645954733281,0.6135844239909809,0.28798173626008755,-0.7973181693422426,0.28123745550934093,-0.6170532320022585,1.2648353374602792,0.3123056014133006,-0.5972874850176761,-0.2336698321793573
1.0,-1.420569247824021,-1.4182066376337463,-0.13927582948818698,3.4305394609748023,2.1968843368132855,-1.4571160068029285,-1.6820261212584753,-0.03498250659003233,0.5504988893690551,-0.19323943105859234,0.7445609595350016,-0.6232225957323242
1.0,0.2787027536488517,-1.9305680886704657,-0.07867055304722885,0.9285207407965356,0.2614957781883626,0.6799970048310311,0.8475937299898348,-0.2890581738566781,-0.5940459310305746,-0.17547025653958945,0.08958569613994148,-0.5947384945821672
1.0,1.3031449662482764,-0.76317231365779,-1.999596510486852,-1.7258358801711018,-0.7349062729167124,0.48671988283386813,-1.133276631582028,-0.8449585476326833,0.702246939108081,-0.5063031629199758,-0.6892453975986309,0.7099391346812993
1.0,0.4570718656526198,-2.269415607589673,-1.0613389675926612,-0.8374320543803725,-0.3234508412672875,-1.003116683441084,0.5044309945878012,-0.7410341780377958,0.4232708644806057,-0.5069665124561004,-0.15751159828517794,-0.3278217956249623
1.0,0.4941858470443716,-1.9390450494868308,-1.323938072376689,-0.06159724830109837,-0.8489075288858707,0.0331775588864548,0.9821331621683934,-0.9584565685711014,-0.3727651025902934,0.36688264253365577,0.11060982225066696,0.01855406727695393
1.0,-0.48207440977309995,-3.8717838484072375,-1.3442712233930685,-0.8999104922079358,-0.9323577261763581,-0.9693699278766469,-1.4031079169598266,0.6787914724444545,0.09719406376656593,-1.3541870014701947,0.2935488224622869,0.7232566079504423
1.0,0.2528888776531967,-2.82149237470159,0.30263978453064433,0.45796710142112457,0.3710872502471788,-0.048264524116692714,0.5681656726256081,0.14228246921490711,0.1612441660203797,0.843829597360413,0.47315781561685266,0.29371571637926075
1.0,0.10722763772912035,-1.9289220425669553,-0.690148242507509,-0.2737224840847182,1.0710969307184206,-0.03722121638135892,0.012702058434142257,0.3605242387345351,-0.817549614061478,0.4544599027530196,0.0034649346188180617,-0.009844340988155252
1.0,2.4330126025502166,-1.2571410404943926,1.9030274044113566,0.8697319052756141,-0.46814263413450535,0.8279559644539902,-0.2419429885727008,-0.6379549540155778,-0.1267447499443549,0.1747727348557472,-0.32585978738230253,-0.30295906280919027
1.0,0.5510895391746471,-2.222161550776619,0.3562288302125404,1.3633198872949517,0.21671559781469554,0.5724168275982785,-0.9659276158653999,0.19364421788538003,0.4889179357072304,0.4656247087612832,0.3135911416062172,-0.016166141069961473
1.0,-0.7396219285682262,-1.4089566673657097,-1.1253454920042323,1.2051114675925938,0.42992123287585754,-0.10584620913611688,0.20502618829410713,-1.3934665765404768,0.6469255759888527,0.21162035371260032,0.38016970423213203,0.14072719046068474
2.0,-1.3363217334183355,0.2533369311683075,-5.345388179195743,0.23903751260620196,0.2365025484012255,-0.8009793022153306,0.6004019103653486,-1.77877828577513,-0.4160322777594898,-0.25181094262522175,0.14484299889598956,0.8488229698519575
1.0,1.1770869962477686,-0.663966839801569,-3.010221887946427,1.1661369564822706,0.33272868633416935,1.1796254380056561,-0.6125505273034497,0.25025326401280157,-0.2869534160018343,0.17104407566633167,-0.027177137677266747,-0.001267175991908045
1.0,0.46233500801967603,-0.6182881794850409,-0.48344236634417587,3.576724357081908,0.12882144758828148,1.5152209721646834,-0.7627616048609624,0.24934749092395664,-0.4725414227626113,-0.23326643520568852,0.20105049551707296,-0.35863653690253555
1.0,-0.9784740793566526,-1.4455704988958247,-1.4812369749959422,3.790335091263275,0.49981025849781074,0.11928890623846602,-0.18076906950124486,-0.10017048433027512,0.7924866930883886,0.017304767720139665,-0.4557862475903347,0.02923466348273176
1.0,0.09680972631598203,-2.109997993135224,-0.43482611561678375,1.0546952788758361,-0.31144442642562836,0.11013479938956858,0.5332646015797042,-0.841777971697283,-0.4430278924900565,0.29453233792326544,0.38846971830158344,0.04990139519482426
1.0,-0.03848714594902844,-1.2667621091578838,-0.6875779128728043,1.2728841836169469,-0.3530521798910553,-0.9739081092152146,0.8167931788807664,-0.9802318686007181,-0.5196927088645169,0.4463005713195664,-0.018772254968911335,-0.5681239552439684
1.0,1.5971585012074665,-1.208143574128484,-3.3611755553864264,-0.219277552817012,-0.6407634332225809,-0.8661347816356445,-0.13861539324987127,0.11285792865510758,0.1642701203418622,0.23258503873611086,0.351859556110364,-0.36477711473246505
1.0,0.47956491608312174,-1.9388406603940453,-1.2965075188296666,0.6869762250808267,-0.06048521935119239,-0.6841610796703143,0.4105759232297666,0.30109778060311365,-0.415383811502743,0.6092903004545769,0.0597654347620267,-0.6123997983519461
1.0,1.792833473031141,-1.150288104442104,-0.78280017318226,1.4787789658343236,-0.5042179729064916,0.9954949279092157,-0.3185075856874362,-0.253090230699364,0.7251641004143082,-0.08545806065608152,0.41929551338581045,-0.2590060067110398
3.0,1.3271016561416007,0.17038923204903095,1.1800133553094894,-1.5017098056745066,2.305290326188152,0.15285292873521367,0.8258174328190443,-0.2750512238728079,0.17401432336367023,-0.02745264728411912,-0.5413758122586982,-1.0250783329636843
3.0,2.38450083474353,0.3745826055246946,0.7238225948116667,-0.30819498345047064,1.3396319848374545,0.720032094280923,0.9298199822828348,0.14148721771874856,0.3624168299745873,-0.47350620591500286,-0.5511255536775979,-0.39426020014113483
3.0,2.9369401021466124,0.2638618300683809,0.16763981598372404,-0.40877342179179765,1.087806061439862,0.09427571947260531,1.603653073610046,0.5730386402350721,0.35143771841484733,-0.0012445454504549575,-0.005486852952301015,-0.5208965934547173
3.0,2.1468111338160627,0.3682549518864621,0.4533013014691899,0.0485275650544947,1.7266320466248084,1.0316396972367479,1.0085438565679676,0.2873912607550777,0.41977820241724767,-1.0611650544193985,0.0595793287492496,-0.6895645583286857
3.0,2.3698694883330393,-0.4596348092311659,1.1013997885920628,-0.8567773352940092,-1.0670065395140265,-1.430740773604489,-0.3395438815407511,-0.8486899774446071,0.3158810653657787,0.36905611712822395,-0.016676943996958935,-0.6679254507695329
3.0,3.063841568720352,0.3534128354584024,1.099124104115345,-0.7403981320869275,-0.7377080340420503,-0.8410565972838316,-0.7165699735294286,-0.7489594342735879,0.099523959937299,0.19214560155410748,0.400725124005712,0.16766714316954223
3.0,3.9157537837118874,0.15458251944173276,-0.2218277998410429,-0.009068327452998211,-0.362728736383923,1.1248112081799237,-0.8973411556401537,-0.20305141420187464,1.2024701205016342,-0.450088937541805,0.19409362211888256,-0.5774815086444496
3.0,3.9364633907159603,0.6596872334097817,-1.7122154192145327,0.5454838007805821,-0.5373248151605918,0.8906231803366618,-1.4659714585749584,0.0626552933230267,0.06465277790784588,-0.5968654271460806,0.44120551777585637,-0.07060872803768463
3.0,3.094276117762275,0.3488427592737953,1.0268314134224554,-0.07134920796519102,-1.0593498570949509,0.38695734306064566,-0.7723886077669412,0.14633189231555635,-0.5281045997577397,0.1389543365479772,0.1266097706000954,-0.08418337291644296
3.0,2.3744716280069205,0.29198035155999436,-1.2419143328305602,-0.7488055395994813,-0.41557911281373744,0.426847482757282,-0.07347623265127882,-0.3317410700863662,-0.5389712813409882,-0.08250221409954678,0.543320661455868,-0.22057352802191924
3.0,2.7788129476325123,0.28680487288217527,-0.6096701239723691,-0.8793468858520245,-0.5544239360926371,0.735758879210653,-0.010212213187761837,-0.43481457820120095,0.15220346760102246,0.7435026298075869,-0.4171725297464319,0.05280764247833197
3.0,2.286561284738469,0.3725078446852991,0.971643032360858,-0.3714377359573621,-0.3380923682075893,0.912818782319431,0.9647977255343296,0.1502802047063523,0.24205967406857515,0.9247612933031146,0.07965733574404522,0.23773832483007926
3.0,2.9856334874494648,0.48921790834701273,-0.9469529317999666,-1.036225585674905,-0.5851467429990476,1.227673507132312,0.2316210848617632,0.32065187987360627,-0.510139743066925,0.2629166451579912,-0.3520544906077301,-0.2463750815590442
3.0,2.375194698227107,0.4823337172448775,0.2528839940533386,0.6711492638133875,-0.6280919050420581,1.5603404373187866,-0.9720657279675009,0.3745723956457122,-0.5153719871115312,-0.5097730557985308,-0.07624337504744526,-0.2813200584972081
3.0,2.209865525595871,1.1600525041576435,1.2451252259210686,0.3188381881276683,1.6886933981073233,0.33107454371107875,-0.009357744571648799,-0.28689446533570306,1.0003914149123472,-0.21054307874667963,0.4969452925271789,0.9939185775969868
3.0,2.62562100469272,0.5631607642108358,0.8559610818033809,0.2756840261001575,0.6511122082281547,0.44731961728183006,-0.5766521830285498,0.39903062024341085,0.3234797645872345,0.7616701996936883,0.641086153840174,-0.865798969185384
3.0,4.2806387787510864,0.6496709640237048,1.4581969616385728,1.1281643024386117,-0.35955425002745417,1.6166438942053112,0.07532072215180766,0.7640679148079244,-0.0987443123925099,-0.0238446412939666,-0.5963761902256466,-0.659791815510218
3.0,3.5826413720011043,1.2727027497272996,0.11078403762473175,1.049909044562022,-0.5235518995888849,0.6001736007175655,0.1884658234287598,-0.42134595622882043,0.42409544483675976,-0.15093405331128398,0.22207810725717889,0.2810816850028333
3.0,2.8070637200816577,1.5705337870411964,0.47252793457209075,0.6273584503465405,-0.26017299692891593,-0.5532429126464173,0.4494641718620592,-0.12287297801598093,-0.04462703727264274,0.021868059295222498,0.1787344427075547,-0.15850886329444025
3.0,2.8996593330239113,2.041057007938464,0.4959598102350971,0.47115561543883094,1.438877209099065,-0.17854341124205442,0.3935198611380938,-0.046058654871433104,-0.09047737030243139,-0.6105270331012073,-0.07657932210824751,0.3528605776724385
3.0,2.3207369765492043,2.356366075556674,-0.4376817436187604,-0.05225977554053677,2.2344271940530787,-0.07677854217494494,1.2734386989773183,0.4664684266246991,-0.3046494214485137,-0.4229418510815695,-0.5827885985393334,-0.1772434072138145
3.0,2.5498309472261362,2.0452830910195234,0.31226799865093385,0.38697168223070044,1.8475226161978917,-0.980029147535789,1.6271916638443211,-0.269663249378846,0.14780219902950828,-0.432655079212661,-0.4137868607834323,0.5924669743258433
3.0,1.8125412848422966,1.527645946268752,-1.362589781587869,-0.18939590603491982,1.7493871973183552,-0.9702915176984909,1.5418507978367462,0.07949071380612656,-0.3687743892935451,-0.3030687471036372,-0.45919272091431257,-1.001676815844499
3.0,2.760144641923949,2.13893234764261,0.964628688200684,0.6683861119278041,-0.4770416925743343,-1.802113441221317,-1.0184060612851957,-0.3717591183460504,0.013306511192956234,0.09597919646625896,-0.1213122053213947,0.44385974231511816
3.0,2.737150500667989,0.40988627088179125,1.190404683966989,-0.6630452043229516,0.45903677670237664,-1.8818902559718877,-0.023338202493236142,-0.3931957869739268,0.0022895069661716706,0.837826047595986,0.35970103049562147,-0.012205164152401188
3.0,3.6048688681834236,1.8023842175839655,0.09403686133597698,1.2688404735137364,-0.6094653319307126,-0.19193279581125944,-1.4184227681317987,0.1978753430808718,0.17466377168981445,-0.18659121061650027,0.5793451531218684,-0.0036202054626510534
3.0,2.8898259968735065,1.9252186131303406,0.7823225555084526,1.3247254007768972,-0.5712429547605351,-0.43060567468070415,-0.21785574035230537,0.1370021683705933,-0.34934151890800974,-0.14518875221438457,-0.6614393209154781,0.04248724993563094
3.0,3.3921560768357195,1.3118763884735951,-1.6020259689000194,-0.48284214412977466,-0.6708713844634416,-0.8035654872896865,-0.09583651626235082,-0.10776718337769615,0.4303124358270227,0.3103903833506484,1.3192456527007748,0.02077288663915455
3.0,1.0481818968536765,3.5150896912197274,-1.1600385659132246,0.9353293944209303,-0.8994485346148441,-3.2842813081553186,0.6424633574198886,0.5223360804340184,-0.9432669079743498,0.3518843227367906,-0.2818386702989929,0.08826269711621054
3.0,1.6099122828479338,2.4066381595743254,-0.5485596972407069,0.754309683980719,-0.9952068461741623,-2.9194770585946097,0.7110561137170558,-0.13752765255949356,-0.18954886165592758,0.07994710073834169,-0.36676291971031133,0.08573901367352228
3.0,3.1431309667439726,0.7381610441757961,0.09099872392222833,0.9806478454856755,-0.40981351887779516,-0.3989223334953906,0.07403122442234536,-1.0931903336938353,0.15579782319594807,-0.6210545123987384,0.4673042869891001,-0.11317786353701265
3.0,2.2401568962695424,1.175465288118865,0.10137693249612525,-1.165278716331479,-0.26444929219317376,0.8010387615716331,-0.5398826927126966,0.1326042427175758,-0.555590283205651,-0.24682103385630202,-0.22206161983844547,-0.10212678699318968
3.0,2.847673776119518,0.5560439658826741,-0.8042152181010254,-0.8978880662595365,-0.2548013167244018,0.28856803502345185,-0.8677623971976076,-0.2519840999626011,-0.3186105921277033,0.25262225421086176,0.006841460278033566,0.3166394835961359
3.0,2.597497056648763,0.6979655372009207,0.8849395211306371,-0.27422874768254935,0.7722354971886497,0.7198424302489405,-0.2725002525874409,-0.2605415555250003,0.3394921044924225,0.22480227683204224,-0.2126594119330305,-0.16880213089972734
3.0,2.949299373134845,1.5553089642839817,0.9834007272249452,0.01548034692588012,-0.364082110484987,-0.49120599373322915,0.9859350902141903,0.7857973191952722,-0.3563284687279035,0.007654517692411494,-0.0736906414474952,0.47774489570387146
3.0,3.530032266349311,0.882526796204235,0.46602912777854394,0.5807896245708737,-0.6689597199930813,0.4588143074807711,-0.5222206681087448,1.0751276155481684,-0.4864394379366014,0.034276646362235916,-0.006268783616373489,0.12047532609396483
3.0,2.406110540478552,2.5923561750423962,-0.428226210799575,-0.1843350916057154,0.4476611237707252,-0.5695062683836775,-0.03580206910511111,0.673245046872271,-0.1680070155589531,-0.8658553533125579,-0.09744510054814357,0.7996528134869738
3.0,2.9290847269674547,1.2744469479044802,1.213358271505153,0.2953160469465673,-0.2673499275876954,-0.38121311026766974,0.6443207361032238,-0.0005529116872085085,0.5025310841108468,-0.600024335053034,0.07563831938912073,1.0796562172563047
3.0,2.1814127788126196,2.077537312734515,-0.7637825515581177,-0.3895933218994593,0.3598736020402966,-0.6295677883052235,0.7533223475598818,0.9260736918317377,0.10983353740990728,0.2166343460949173,-0.2252139355897382,0.15308244497623819
3.0,2.3809277871356382,2.58866743241859,-1.418044029496812,0.5885019355198721,1.1279968090043766,0.9836449646975448,0.9304726426560765,0.2940048697952771,0.0025256720979520727,-0.7087895820104607,-0.1523908559882531,0.25160232695171963
3.0,3.2116172150412465,-0.2512491044255909,0.8471291521285055,-0.21706535466548468,0.6090952147103268,0.39537773143444455,0.29184930036136214,-0.5829062710113436,0.5971232366526802,0.15492549714010923,-0.1991757549722712,0.24544490607460512
3.0,3.6779187209738167,0.8477478441497612,1.3394202310855217,-0.12517586515270593,-0.48611193269185726,-0.8579592100532715,1.025640017663487,-0.6760870244040642,-0.02062325606056368,-0.027336961241305285,-0.12899003189444216,0.8045916300252062
3.0,2.4655557980404494,2.193798303654092,0.9187809604264945,0.01802499500006447,-0.7012095215705461,-0.6808550027296489,0.8291991199880563,0.2965161309745835,-0.32683623278985274,0.2741587283832393,-0.608722849392075,0.0986407767044612
3.0,3.370524145442861,2.216289139861135,0.3425695124143273,1.058526838731194,-0.5741638992346603,1.1087884201217995,-0.9584158333692437,0.14609746749777344,0.02249765494731566,-0.3041173610430693,0.1392276399076676,0.17078590937317623
3.0,2.6019558512247363,1.7572293509792745,-0.20758135498124786,0.3494964215465554,0.2550631777338401,0.026465377477741362,-0.14689354682507702,0.5524270406733252,0.09796937524833624,-0.20606078677196157,0.25819774829866665,-0.2794310534717087
3.0,2.677839460864502,2.760899131674545,0.9409418766769981,0.31203474626493277,1.2713550029612668,-0.2730679235129902,-0.679235405733099,-0.04702380430625985,-0.0012221468680191478,-0.24799731185436827,0.5124920247566229,0.6987664514502291
3.0,2.3870170912797195,2.297346679712819,0.5506961970110898,-0.6882845476085643,0.8139552190463812,-1.1787829773529046,-0.6339752705059145,-0.390828774037596,-0.05744767254810316,0.4914895016467234,0.29982196799253263,0.33982065370202663
3.0,3.2087581641980214,2.7689195660475727,-1.0139136641131108,0.5969031860643365,-0.8951925879513903,-0.2960921841274214,-0.005741257097530233,0.2929137342661647,-0.741660422915869,-0.11796901888785118,-0.22996433111840764,-0.188787962879178
